{"cameraMode":{"drawMode":0,"name":"Shaded","section":"Shading Mode"},"sceneLighting":true,"audioPlay":false,"sceneViewState":{"showFog":false,"showMaterialUpdate":false,"showSkybox":false,"showFlares":false,"showImageEffects":true,"showParticleSystems":true,"showVisualEffectGraphs":true,"m_FxEnabled":true},"in2DMode":false,"pivot":{"x":2.7290854454040529,"y":0.2474570870399475,"z":-3.679175615310669},"rotation":{"x":0.008048253133893013,"y":0.9135252237319946,"z":-0.4063122272491455,"w":0.018083516508340837},"size":3.1735928058624269,"orthographic":false}